*       Citation
*       
*       A citation to
*  the MCM website and the relevant mechanism construction
*  protocols should be given in any publication using
*  information obtained from this source, using the following
*  or comparable wording:
*       
* The chemical mechanistic
*  information was taken from the Master Chemical Mechanism,
*  MCM v3.3.1 (reference), via  website:
*  http://mcm.york.ac.uk/
* 
* The reference should be: 
* 
* 
*  For non-aromatic schemes:
*    
*       Jenkin et al.,
*  Atmos. Environ., 31, 81, 1997
*  [doi:10.1016/S1352-2310(96)00105-7]
*       Saunders et
*  al., Atmos. Chem. Phys., 3, 161, 2003
*  [doi:10.5194/acp-3-161-2003]
*    
*    For aromatic
*  schemes:
*    
*       Jenkin et al., Atmos. Chem. Phys.,
*  3, 181, 2003 [doi:10.5194/acp-3-181-2003]
*       Bloss et
*  al., Atmos. Chem. Phys., 5, 641, 2005
*  [doi:10.5194/acp-5-641-2005]
*    
*    For the
*  β-caryophyllene scheme:
*    
*       Jenkin et al.,
*  Atmos. Chem. Phys.,  12, 5275, 2012
*  [doi:10.5194/acp-12-5275-2012]
*    
*    For the isoprene
*  scheme:
*    
*       Jenkin et al., Atmos. Chem. Phys.,
*  15, 11433-11459, 2015 [doi:10.5194/acp-15-11433-2015]
Name	Smiles	Inchi	InchiKey	Mass	Excited	PeroxyRadical	Synonyms
ANHY							
APINENE	CC1=CCC2CC1C2(C)C	InChI=1S/C10H16/c1-7-4-5-8-6-9(7)10(8,2)3/h4,8-9H,5-6H2,1-3H3	GRWFGVWFFZKLTI-UHFFFAOYSA-N	136.234	false	false	(+-)-alpha-pinene, (-)alpha-pinene, .alpha.-Pinene, ALPHA-PINENE, alpha -pinene
ARNOH14							
ARNOH17							
AROH14							
AROH17							
BENZAL	O=Cc1ccccc1	InChI=1S/C7H6O/c8-6-7-4-2-1-3-5-7/h1-6H	HUMNYLRZRPPJDN-UHFFFAOYSA-N	106.1219	false	false	benzaldehyde, 100-52-7, Benzoic aldehyde, Benzenecarboxaldehyde, Phenylmethanal
BENZENE	c1ccccc1	InChI=1S/C6H6/c1-2-4-6-5-3-1/h1-6H	UHOVQNZJYSORNB-UHFFFAOYSA-N	78.1118	false	false	benzene, benzene-, 71-43-2, benzol, BNZ
BOX2PROL	CCCCOCC(C)O	InChI=1S/C7H16O2/c1-3-4-5-9-6-7(2)8/h7-8H,3-6H2,1-2H3	RWNUSVWFHDHRCJ-UHFFFAOYSA-N	132.2007	false	false	5131-66-8, 1-Butoxy-2-propanol, 1-Butoxypropan-2-ol, 2-PROPANOL, 1-BUTOXY-, Propylene glycol monobutyl ether
BPINENE	C=C1CCC2CC1C2(C)C	InChI=1S/C10H16/c1-7-4-5-8-6-9(7)10(8,2)3/h8-9H,1,4-6H2,2-3H3	WTARULDDTDQWMU-UHFFFAOYSA-N	136.234	false	false	(-)-.beta.-Pinene, .beta.-Pinene, 127-91-3, BETA-PINENE, beta pinene
BUOX2ETOH	CCCCOCCO	InChI=1S/C6H14O2/c1-2-3-5-8-6-4-7/h7H,2-6H2,1H3	POAOYUHQDCAZBD-UHFFFAOYSA-N	118.1742	false	false	111-76-2, 2 -Butoxyethanol, 2-Butoxyethanol, ETHYLENE GLYCOL MONOBUTYL ETHER, ethylene glycol-monobutyl ether
BUT1ENE	CCC=C	InChI=1S/C4H8/c1-3-4-2/h3H,1,4H2,2H3	VXNZUUAINFGPBY-UHFFFAOYSA-N	56.1063	false	false	1-BUTENE, 106-98-9, But-1-ene, BUTENE, Ethylethylene
BUT2OL	CCC(C)O	InChI=1S/C4H10O/c1-3-4(2)5/h4-5H,3H2,1-2H3	BTANRVKWQNVYAZ-UHFFFAOYSA-N	74.1216	false	false	78-92-2, 2-Butanol, sec-Butanol, sec.-butanol, SEC-BUTYL ALCOHOL
C2H2	C#C	InChI=1S/C2H2/c1-2/h1-2H	HSFWRNGVRCDJHI-UHFFFAOYSA-N	26.0373	false	false	ACETYLENE, Vinylene, Ethyne, 74-86-2, Ethenylene
C2H4	C=C	InChI=1S/C2H4/c1-2/h1-2H2	VGGSQFUCUMXWEO-UHFFFAOYSA-N	28.0532	false	false	9002-88-4, ETHYLENE, 74-85-1, Ethene, MFCD00084423
C2H5CHO	CCC=O	InChI=1S/C3H6O/c1-2-3-4/h3H,2H2,1H3	NBBJYMSMWIIQGU-UHFFFAOYSA-N	58.0791	false	false	123-38-6, Propionaldehyde, propanal, Methylacetaldehyde, Propaldehyde
C2H5CO3	CCC(=O)O[O]	InChI=1S/C3H5O3/c1-2-3(4)6-5/h2H2,1H3	CZOABHOHPMNISH-UHFFFAOYSA-N	89.07	false	true	(Propionylperoxy)radical
C2H5CO3H							
C2H5NO3	CCON(=O)=O	InChI=1S/C2H5NO3/c1-2-6-3(4)5/h2H2,1H3	IDNUEBSJWINEMI-UHFFFAOYSA-N	91.066	false	false	ETHYL NITRATE, 625-58-1, Nitric acid, ethyl ester, Nitric ether, NSC 8826
C2H5O2	CCO[O]	InChI=1S/C2H5O2/c1-2-4-3/h2H2,1H3	CGVQNDZUWCSFFT-UHFFFAOYSA-N	61.0599	false	true	Ethyldioxy, 3170-61-4, C2H5OO, (Ethylperoxy) radical, DTXSID90953652
C2H5OH	CCO	InChI=1S/C2H6O/c1-2-3/h3H,2H2,1H3	LFQSCWFLJHTTHZ-UHFFFAOYSA-N	46.0684	false	false	ethanol, ethanol-, alcohol, 64-17-5, EtOH
C2H5OOH	CCOO	InChI=1S/C2H6O2/c1-2-4-3/h3H,2H2,1H3	ILHIHKRJJMKBEE-UHFFFAOYSA-N	62.0678	false	false	ETHYL HYDROPEROXIDE, 3031-74-1, Hydroperoxide, ethyl, CCRIS 4487, EINECS 221-211-6
C2H6	CC	InChI=1S/C2H6/c1-2/h1-2H3	OTMSDBZUPAUEDD-UHFFFAOYSA-N	30.069	false	false	Dimethyl, ETHANE, 74-84-0, Bimethyl, Methylmethane
C3H6	CC=C	InChI=1S/C3H6/c1-3-2/h3H,1H2,2H3	QQONPFPTGQHPMA-UHFFFAOYSA-N	42.0797	false	false	PROPYLENE, 115-07-1, Propene, prop-1-ene, 1-Propene
C3H7CHO	CCCC=O	InChI=1S/C4H8O/c1-2-3-4-5/h4H,2-3H2,1H3	ZTQSAGDEMFDKMZ-UHFFFAOYSA-N	72.1057	false	false	123-72-8, butyraldehyde, butanal, n -butyraldehyde, n-butyraldehyde
C3H8	CCC	InChI=1S/C3H8/c1-3-2/h3H2,1-2H3	ATUOYWHBWRKTHZ-UHFFFAOYSA-N	44.0956	false	false	PROPANE, 74-98-6, propan, n-Propane, n-Propane-
C4H6	C=CC=C	InChI=1S/C4H6/c1-3-4-2/h3-4H,1-2H2	KAKZBPTYRLMSJV-UHFFFAOYSA-N	54.0904	false	false	1,3 butadiene, 1,3-BUTADIENE, 106-99-0, Buta-1,3-diene, BUTADIENE
C4H9CHO	CCCCC=O	InChI=1S/C5H10O/c1-2-3-4-5-6/h5H,2-4H2,1H3	HGBOYTHUEUWSSQ-UHFFFAOYSA-N	86.1323	false	false	110-62-3, PENTANAL, Valeraldehyde, n-Pentanal, n-Valeraldehyde
C5H8	C=CC(=C)C	InChI=1S/C5H8/c1-4-5(2)3/h4H,1-2H2,3H3	RRHGJUQNOFWUDK-UHFFFAOYSA-N	68.117	false	false	ISOPRENE, 78-79-5, 2-Methyl-1,3-butadiene, 2-Methylbuta-1,3-diene, 1,3-Butadiene, 2-methyl-
CARB10							
CARB11							
CARB11A							
CARB12							
CARB13							
CARB14							
CARB15							
CARB16							
CARB17							
CARB18							
CARB19							
CARB20							
CARB21							
CARB22							
CARB23							
CARB24							
CARB25							
CARB26							
CARB27							
CARB28							
CARB29							
CARB3							
CARB30							
CARB31							
CARB32							
CARB33							
CARB34							
CARB35							
CARB6							
CARB7							
CARB9							
CBUT2ENE	CC=CC	InChI=1S/C4H8/c1-3-4-2/h3-4H,1-2H3	IAQRGUVFOMOMEM-UHFFFAOYSA-N	56.1063	false	false	.beta.-Butene, .beta.-Butylene, AKOS032960957, DTXSID1026748, FT-0611627
CCARB12							
CCARB14							
CH3CHO	CC=O	InChI=1S/C2H4O/c1-2-3/h2H,1H3	IKHGUXGNUITLKF-UHFFFAOYSA-N	44.0526	false	false	aldehyde, acetaldehyde, 75-07-0, ACETYL GROUP, ethanal
CH3CO2H	CC(=O)O	InChI=1S/C2H4O2/c1-2(3)4/h1H3,(H,3,4)	QTBSBXVTEAMEQO-UHFFFAOYSA-N	60.052	false	false	acetic -acid, acetic acid, acetic acid-, acetic-acid, ACY
CH3CO3	CC(=O)O[O]	InChI=1S/C2H3O3/c1-2(3)5-4/h1H3	ZBQKPDHUDKSCRS-UHFFFAOYSA-N	75.0434	false	true	acetyldioxidanyl, (Acetylperoxy) radical, 36709-10-1, Acetylperoxy radical, CH3COO2
CH3CO3H	CC(=O)OO	InChI=1S/C2H4O3/c1-2(3)5-4/h4H,1H3	KFSLWBXXFJQRDL-UHFFFAOYSA-N	76.0514	false	false	PERACETIC ACID, 79-21-0, Ethaneperoxoic acid, Peroxyacetic acid, Acetic peroxide
CH3COCH3	CC(=O)C	InChI=1S/C3H6O/c1-3(2)4/h1-2H3	CSCPPACGZOOCGX-UHFFFAOYSA-N	58.0791	false	false	acetone, 67-64-1, 2-propanone, MFCD00008765, Aceton
CH3NO3	CON(=O)=O	InChI=1S/CH3NO3/c1-5-2(3)4/h1H3	LRMHVVPPGGOAJQ-UHFFFAOYSA-N	77.0394	false	false	METHYL NITRATE, 598-58-3, Nitric acid, methyl ester, nitric acid methyl ester, BRN 1699872
CH3O2	CO[O]	InChI=1S/CH3O2/c1-3-2/h1H3	WTFNSXYULBQCQV-UHFFFAOYSA-N	47.0333	false	true	Methyldioxy radical, 2143-58-0, Methyldioxy, (Methylperoxy) radical, DTXSID10944007
CH3OCH3	COC	InChI=1S/C2H6O/c1-3-2/h1-2H3	LCGLNKUTAGEVQW-UHFFFAOYSA-N	46.0684	false	false	DIMETHYL ETHER, Methyl ether, 115-10-6, Methoxymethane, Methane, oxybis-
CH3OCHO	COC=O	InChI=1S/C2H4O2/c1-4-2-3/h2H,1H3	TZIHFWKZFHZASV-UHFFFAOYSA-N	60.052	false	false	METHYL FORMATE, 107-31-3, Formic acid, methyl ester, Formic acid methyl ester, Methyl methanoate
CH3OH	CO	InChI=1S/CH4O/c1-2/h2H,1H3	OKKJLVBELUTLKV-UHFFFAOYSA-N	32.0419	false	false	67-56-1, methanol, methanol-, MOH, methyl alcohol
CH3OOH	COO	InChI=1S/CH4O2/c1-3-2/h2H,1H3	MEUKEBNAABNAEX-UHFFFAOYSA-N	48.0413	false	false	Methyl hydroperoxide, 3031-73-0, hydroperoxymethane, CCRIS 4486, DTXSID10184401
CH4	C	InChI=1S/CH4/h1H4	VNWKTOKETHGBQD-UHFFFAOYSA-N	16.0425	false	false	methane, 74-82-8, Marsh gas, Methyl hydride, 150036-83-2
CHEX	C1CCCCC1	InChI=1S/C6H12/c1-2-4-6-5-3-1/h1-6H2	XDTMQSROBMDMFD-UHFFFAOYSA-N	84.1595	false	false	CYCLOHEXANE, 110-82-7, Hexamethylene, Cyclohexan, Hexahydrobenzene
CHEX2ENE	CCC/C=C\C	InChI=1S/C6H12/c1-3-5-6-4-2/h3,5H,4,6H2,1-2H3/b5-3-	RYPKRALMXUUNKS-HYXAFXHYSA-N	84.1595	false	false	7688-21-3, cis-2-Hexene, (Z)-Hex-2-ene, (Z)-2-Hexene, 2-Hexene, (Z)-
CO							
CPENT2ENE	CC/C=C\C	InChI=1S/C5H10/c1-3-5-4-2/h3,5H,4H2,1-2H3/b5-3-	QMMOXUPEWRXHJS-HYXAFXHYSA-N	70.1329	false	false	627-20-3, cis-2-PENTENE, (Z)-Pent-2-ene, (Z)-2-Pentene, 2-Pentene, (Z)-
CYHEXOL	OC1CCCCC1	InChI=1S/C6H12O/c7-6-4-2-1-3-5-6/h6-7H,1-5H2	HPXRVTGHNJAIIH-UHFFFAOYSA-N	100.1589	false	false	CYCLOHEXANOL, 108-93-0, Cyclohexyl alcohol, cyclohexyl-alcohol, Hexahydrophenol
CYHEXONE	O=C1CCCCC1	InChI=1S/C6H10O/c7-6-4-2-1-3-5-6/h1-5H2	JHIVVAPYMSGYDF-UHFFFAOYSA-N	98.143	false	false	CYCLOHEXANONE, 108-94-1, Cyclohexanon, Ketohexamethylene, Pimelic ketone
DHCARB9					false		
DHPCARB9					false		
DHPR12O2	*-O[O]				false	true	
DHPR12OOH					false		
DIEK	CCC(=O)CC	InChI=1S/C5H10O/c1-3-5(6)4-2/h3-4H2,1-2H3	FDPIMTJIUBPUKL-UHFFFAOYSA-N	86.1323	false	false	96-22-0, 3-PENTANONE, Pentan-3-one, Diethyl ketone, Dimethylacetone
DIET35TOL	CCc1cc(CC)cc(C)c1	InChI=1S/C11H16/c1-4-10-6-9(3)7-11(5-2)8-10/h6-8H,4-5H2,1-3H3	HILAULICMJUOLK-UHFFFAOYSA-N	148.2447	false	false	2050-24-0, 1,3-DIETHYL-5-METHYLBENZENE, 3,5-Diethyltoluene, Benzene, 1,3-diethyl-5-methyl-, Toluene, 3,5-diethyl-
DIETETHER	CCOCC	InChI=1S/C4H10O/c1-3-5-4-2/h3-4H2,1-2H3	RTZKZFJDLAIYFH-UHFFFAOYSA-N	74.1216	false	false	ether, DIETHYL ETHER, diethyl-ether, 60-29-7, DIETHYLETHER
DIIPRETHER	CC(C)OC(C)C	InChI=1S/C6H14O/c1-5(2)7-6(3)4/h5-6H,1-4H3	ZAFNJMIOTHYJRJ-UHFFFAOYSA-N	102.1748	false	false	DIISOPROPYL-ETHER, Diisopropyl ether, 108-20-3, ISOPROPYL ETHER, diisopropylether
DIME35EB	CCc1cc(C)cc(C)c1	InChI=1S/C10H14/c1-4-10-6-8(2)5-9(3)7-10/h5-7H,4H2,1-3H3	LMAUULKNZLEMGN-UHFFFAOYSA-N	134.2182	false	false	934-74-7, 1-Ethyl-3,5-dimethylbenzene, 5-Ethyl-m-xylene, 1,3-DIMETHYL-5-ETHYLBENZENE, Benzene, 1-ethyl-3,5-dimethyl-
DMC	COC(=O)OC	InChI=1S/C3H6O3/c1-5-3(4)6-2/h1-2H3	IEJIGPNLZYLLBP-UHFFFAOYSA-N	90.0779	false	false	616-38-6, Dimethyl carbonate, Carbonic acid, dimethyl ester, Methyl carbonate, Methyl carbonate ((MeO)2CO)
DMM	COCOC	InChI=1S/C3H8O2/c1-4-3-5-2/h3H2,1-2H3	NKDDWNXOKDWJAK-UHFFFAOYSA-N	76.0944	false	false	109-87-5, Dimethoxymethane, METHYLAL, Methane, dimethoxy-, Formal
EBENZ	CCc1ccccc1	InChI=1S/C8H10/c1-2-8-6-4-3-5-7-8/h3-7H,2H2,1H3	YNQLUTRBYVCPMQ-UHFFFAOYSA-N	106.165	false	false	ETHYLBENZENE, 100-41-4, Phenylethane, ETHYL-BENZENE, Ethyl benzene
ECARB13							
ECARB7							
EOX2EOL	OCCOCC	InChI=1S/C4H10O2/c1-2-6-4-3-5/h5H,2-4H2,1H3	ZNQVEEAIQZEUHB-UHFFFAOYSA-N	90.121	false	false	2-Ethoxyethanol, 110-80-5, ETX, ETHYLENE GLYCOL MONOETHYL ETHER, ethylene glycol-monoethyl ether
ETBE	CCOC(C)(C)C	InChI=1S/C6H14O/c1-5-7-6(2,3)4/h5H2,1-4H3	NUMQCACRALPSHD-UHFFFAOYSA-N	102.1748	false	false	637-92-3, tert-Butyl ethyl ether, 2-Ethoxy-2-methylpropane, Ethyl tert-butyl ether, Ethyl-tert-butyl ether
ETHACET	CCOC(=O)C	InChI=1S/C4H8O2/c1-3-6-4(2)5/h3H2,1-2H3	XEKOWRVHYACXOJ-UHFFFAOYSA-N	88.1051	false	false	ETHYL ACETATE, ethyl-acetate, ethyl_acetate, 141-78-6, AcOEt
ETHGLY	OCCO	InChI=1S/C2H6O2/c3-1-2-4/h3-4H,1-2H2	LYCAIKOWRPUZTN-UHFFFAOYSA-N	62.0678	false	false	1, 2-Ethanediol, 1,2-ethanediol, ETHYLENE GLYCOL, ethylene-glycol, 107-21-1
H2							
H2O2							
HCHO	C=O	InChI=1S/CH2O/c1-2/h1H2	WSFSSNUMVMOOMR-UHFFFAOYSA-N	30.026	false	false	50-00-0, formaldehyde, CARBON-MONOXIDE, 30525-89-4, methanal
HCOOH	OC=O	InChI=1S/CH2O2/c2-1-3/h1H,(H,2,3)	BDAGIHXWWSANSR-UHFFFAOYSA-N	46.0254	false	false	formic acid, 64-18-6, Methanoic acid, Aminic acid, Formylic acid
HEX1ENE	CCCCC=C	InChI=1S/C6H12/c1-3-5-6-4-2/h3H,1,4-6H2,2H3	LIKMAJRDDDTEIG-UHFFFAOYSA-N	84.1595	false	false	592-41-6, 1-HEXENE, Hex-1-ene, Hexene, 1-n-Hexene
HEX2ONE	CCCCC(=O)C	InChI=1S/C6H12O/c1-3-4-5-6(2)7/h3-5H2,1-2H3	QQZOPKMRPOGIEB-UHFFFAOYSA-N	100.1589	false	false	2 -hexanone, 2-HEXANONE, 591-78-6, Hexan-2-one, Methyl butyl ketone
HEX3ONE	CCCC(=O)CC	InChI=1S/C6H12O/c1-3-5-6(7)4-2/h3-5H2,1-2H3	PFCHFHIRKBAQGU-UHFFFAOYSA-N	100.1589	false	false	3-HEXANONE, 589-38-8, Hexan-3-one, Ethyl propyl ketone, 3-Oxohexane
HMML	CC1(CO)OC1=O	InChI=1S/C4H6O3/c1-4(2-5)3(6)7-4/h5H,2H2,1H3	GZBUICGDPKIUBB-UHFFFAOYSA-N	102.0886	false	false	3-(Hydroxymethyl)-3-methyloxirane-2-one
HNO3							
HO2							
HO2NO2							
HOC2H4NO3							
HOC2H4OOH							
HOCH2CH2O2	OCCO[O]	InChI=1S/C2H5O3/c3-1-2-5-4/h3H,1-2H2	AONOSQAJVFLOQD-UHFFFAOYSA-N	77.0593	false	true	(2-Hydroxyethylperoxy)radical
HOCH2CHO	OCC=O	InChI=1S/C2H4O2/c3-1-2-4/h1,4H,2H2	WGCNASOHLSPBMP-UHFFFAOYSA-N	60.052	false	false	141-46-8, glycolaldehyde, 2-Hydroxyacetaldehyde, hydroxyacetaldehyde, Acetaldehyde, hydroxy-
HOCH2CO3	OCC(=O)O[O]	InChI=1S/C2H3O4/c3-1-2(4)6-5/h3H,1H2	GOSHLRYOEQSDFZ-UHFFFAOYSA-N	91.0428	false	true	(2-Hydroxyacetylperoxy)radical
HOCH2CO3H	OCC(=O)OO	InChI=1S/C2H4O4/c3-1-2(4)6-5/h3,5H,1H2	IUEZWLCUORJBDZ-UHFFFAOYSA-N	92.0508	false	false	21860-08-2, Ethaneperoxoic acid, hydroxy-, DTXSID90430695, hydroxy peracetic acid
HONO							
HPUCARB12					false		
HSO3							
HUCARB9					false		
IBUTOL	OCC(C)C	InChI=1S/C4H10O/c1-4(2)3-5/h4-5H,3H2,1-2H3	ZXEKIIBDNHEJCQ-UHFFFAOYSA-N	74.1216	false	false	78-83-1, Isobutanol, 2-Methyl-1-propanol, ISOBUTYL ALCOHOL, 2-Methylpropan-1-ol
IC3H7NO3	CC(C)ON(=O)=O	InChI=1S/C3H7NO3/c1-3(2)7-4(5)6/h3H,1-2H3	GAPFWGOSHOCNBM-UHFFFAOYSA-N	105.0926	false	false	1712-64-7, ISOPROPYL NITRATE, Nitric acid, 1-methylethyl ester, propan-2-yl nitrate, Nitric acid, isopropyl ester
IC3H7O2	[O]OC(C)C	InChI=1S/C3H7O2/c1-3(2)5-4/h3H,1-2H3	FFBKNWYRUSLYAE-UHFFFAOYSA-N	75.0865	false	true	(CH3)2CHO2, (Isopropylperoxy)radical
IC3H7OOH	OOC(C)C	InChI=1S/C3H8O2/c1-3(2)5-4/h3-4H,1-2H3	SGJUFIMCHSLMRJ-UHFFFAOYSA-N	76.0944	false	false	3031-75-2, Isopropyl hydroperoxide, Hydroperoxide, 1-methylethyl, 2-hydroperoxypropane, (CH3)2CHOOH
IC4H10	CC(C)C	InChI=1S/C4H10/c1-4(2)3/h4H,1-3H3	NNPPMTNAJDCUHE-UHFFFAOYSA-N	58.1222	false	false	ISOBUTANE, 75-28-5, 2-Methylpropane, Propane, 2-methyl-, R 600a
IC5H12	CCC(C)C	InChI=1S/C5H12/c1-4-5(2)3/h5H,4H2,1-3H3	QWTDNUCVQCZILF-UHFFFAOYSA-N	72.1488	false	false	78-78-4, ISOPENTANE, 2-Methylbutane, Butane, 2-methyl-, butane, 2-methyl
IEPOX					false		
IPBENZ	CC(C)c1ccccc1	InChI=1S/C9H12/c1-8(2)9-6-4-3-5-7-9/h3-8H,1-2H3	RWGFKTVRMDUZSP-UHFFFAOYSA-N	120.1916	false	false	98-82-8, CUMENE, Isopropylbenzene, (1-Methylethyl)benzene, (1-methylethyl)-benzene
IPEAOH	CCC(C)CO	InChI=1S/C5H12O/c1-3-5(2)4-6/h5-6H,3-4H2,1-2H3	QPRQEDXDYOZYLA-UHFFFAOYSA-N	88.1482	false	false	137-32-6, 2-METHYL-1-BUTANOL, 2-methyl 1-butanol, 2-Methylbutan-1-ol, 1-Butanol, 2-methyl-
IPEBOH	CC(O)C(C)C	InChI=1S/C5H12O/c1-4(2)5(3)6/h4-6H,1-3H3	MXLMTQWGSQIYOW-UHFFFAOYSA-N	88.1482	false	false	598-75-4, (+)-3-Methyl-2-butanol, (?)-3-Methyl-2-butanol, 3-METHYL-2-BUTANOL, 3-Methylbutan-2-ol
IPECOH	CCC(C)(C)O	InChI=1S/C5H12O/c1-4-5(2,3)6/h6H,4H2,1-3H3	MSXVEPNJUHWQHW-UHFFFAOYSA-N	88.1482	false	false	75-85-4, 2-METHYL-2-BUTANOL, 2-Methylbutan-2-ol, tert-Amyl alcohol, tert-amyl-alcohol
IPRCHO	O=CC(C)C	InChI=1S/C4H8O/c1-4(2)3-5/h3-4H,1-2H3	AMIMRNSIRUDHCM-UHFFFAOYSA-N	72.1057	false	false	ISOBUTYRALDEHYDE, 78-84-2, 2-Methylpropanal, 2-Methylpropionaldehyde, Propanal, 2-methyl-
IPROACET	CC(C)OC(=O)C	InChI=1S/C5H10O2/c1-4(2)7-5(3)6/h4H,1-3H3	JMMWKPVZQRWMSS-UHFFFAOYSA-N	102.1317	false	false	ISOPROPYL ACETATE, 108-21-4, Acetic acid, 1-methylethyl ester, 2-Propyl acetate, propan-2-yl acetate
IPROPOL	CC(C)O	InChI=1S/C3H8O/c1-3(2)4/h3-4H,1-2H3	KFZMGEQAYNKOFK-UHFFFAOYSA-N	60.095	false	false	Isopropyl  Alcohol, Isopropyl alcohol, Isopropyl-alcohol, isopropanol, 67-63-0
M22C4	CCC(C)(C)C	InChI=1S/C6H14/c1-5-6(2,3)4/h5H2,1-4H3	HNRMPXKDFBEGFZ-UHFFFAOYSA-N	86.1754	false	false	2,2-DIMETHYLBUTANE, 75-83-2, Neohexane, Butane, 2,2-dimethyl-, NSC 74126
M23C4	CC(C)C(C)C	InChI=1S/C6H14/c1-5(2)6(3)4/h5-6H,1-4H3	ZFFMLCVRJBZUDZ-UHFFFAOYSA-N	86.1754	false	false	79-29-8, 2,3-DIMETHYLBUTANE, Diisopropyl, diisopropyl-, Butane, 2,3-dimethyl-
M2HEX	CCCCC(C)C	InChI=1S/C7H16/c1-4-5-6-7(2)3/h7H,4-6H2,1-3H3	GXDHCNNESPLIKD-UHFFFAOYSA-N	100.2019	false	false	2-METHYLHEXANE, 591-76-4, ISOHEPTANE, Hexane, 2-methyl-, 31394-54-4
M2PE	CCCC(C)C	InChI=1S/C6H14/c1-4-5-6(2)3/h6H,4-5H2,1-3H3	AFABGHUZZDYHJO-UHFFFAOYSA-N	86.1754	false	false	2-METHYLPENTANE, 107-83-5, Isohexane, 64742-49-0, iso-hexane
M3HEX	CCCC(C)CC	InChI=1S/C7H16/c1-4-6-7(3)5-2/h7H,4-6H2,1-3H3	VLJXXKKOSFGPHI-UHFFFAOYSA-N	100.2019	false	false	589-34-4, 3-METHYLHEXANE, Hexane, 3-methyl-, 2-Ethylpentane, NSC 73937
M3PE	CCC(C)CC	InChI=1S/C6H14/c1-4-6(3)5-2/h6H,4-5H2,1-3H3	PFEOZHBOMNWTJB-UHFFFAOYSA-N	86.1754	false	false	96-14-0, 3-METHYLPENTANE, Pentane, 3-methyl-, 3-Methyl-pentane, 3-methyl pentane
MACO3	CC(=C)C(=O)O[O]	InChI=1S/C4H5O3/c1-3(2)4(5)7-6/h1H2,2H3	DLIMDSINNMMVHE-UHFFFAOYSA-N	101.0807	false	true	
ME2BUT1ENE	CCC(=C)C	InChI=1S/C5H10/c1-4-5(2)3/h2,4H2,1,3H3	MHNNAWXXUZQSNM-UHFFFAOYSA-N	70.1329	false	false	563-46-2, 2-METHYL-1-BUTENE, 2-Methylbut-1-ene, 2-Methylbutene, 26760-64-5
ME2BUT2ENE	CC=C(C)C	InChI=1S/C5H10/c1-4-5(2)3/h4H,1-3H3	BKOOMYPCSUNDGP-UHFFFAOYSA-N	70.1329	false	false	513-35-9, 2-Methyl-2-butene, 2-methyl 2-butene, 2-methyl-2 butene, 2-Methylbut-2-ene
ME3BUOL	OCCC(C)C	InChI=1S/C5H12O/c1-5(2)3-4-6/h5-6H,3-4H2,1-2H3	PHTQWCKDNZKARW-UHFFFAOYSA-N	88.1482	false	false	123-51-3, 3-Methyl-1-butanol, 3-methyl 1-butanol, 3-methyl-1 butanol, Isoamyl alcohol
ME3BUT1ENE	C=CC(C)C	InChI=1S/C5H10/c1-4-5(2)3/h4-5H,1H2,2-3H3	YHQXBTXEYZIYOV-UHFFFAOYSA-N	70.1329	false	false	563-45-1, 3-METHYL-1-BUTENE, Isopentene, 3-Methylbut-1-ene, Isopropylethylene
MEK	CCC(=O)C	InChI=1S/C4H8O/c1-3-4(2)5/h3H2,1-2H3	ZWEHNKRNPOVVGH-UHFFFAOYSA-N	72.1057	false	false	78-93-3, METHYL ETHYL KETONE, methyl(ethyl) ketone, methyl-ethyl ketone, methyl-ethyl-ketone
MEPROPENE	CC(=C)C	InChI=1S/C4H8/c1-4(2)3/h1H2,2-3H3	VQTUBCCKSQIDNK-UHFFFAOYSA-N	56.1063	false	false	115-11-7, ISOBUTYLENE, Isobutene, 2-methylprop-1-ene, 2-Methylpropene
METHACET	COC(=O)C	InChI=1S/C3H6O2/c1-3(4)5-2/h1-2H3	KXKVLQRXCPHEJC-UHFFFAOYSA-N	74.0785	false	false	METHYL ACETATE, METHYL-ACETATE, 79-20-9, ACETIC ACID,METHYL ESTER, Acetic acid, methyl ester
METHTOL	CCc1cccc(C)c1	InChI=1S/C9H12/c1-3-9-6-4-5-8(2)7-9/h4-7H,3H2,1-2H3	ZLCSFXXPPANWQY-UHFFFAOYSA-N	120.1916	false	false	620-14-4, 3-Ethyltoluene, 1-Ethyl-3-methylbenzene, M-ETHYLTOLUENE, Benzene, 1-ethyl-3-methyl-
MIBK	CC(C)CC(=O)C	InChI=1S/C6H12O/c1-5(2)4-6(3)7/h5H,4H2,1-3H3	NTIZESTWPVYFNL-UHFFFAOYSA-N	100.1589	false	false	108-10-1, METHYL ISOBUTYL KETONE, methyl-isobutyl ketone, 4-Methyl-2-pentanone, 4-methyl- 2-pentanone
MIBKAOH	CC(=O)CC(C)(C)O	InChI=1S/C6H12O2/c1-5(7)4-6(2,3)8/h8H,4H2,1-3H3	SWXVUIWOUIDPGS-UHFFFAOYSA-N	116.1583	false	false	123-42-2, 4-HYDROXY-4-METHYL-2-PENTANONE, 4-Hydroxy-4-methylpentan-2-one, Diacetone alcohol, 2-Pentanone, 4-hydroxy-4-methyl-
MIPK	CC(=O)C(C)C	InChI=1S/C5H10O/c1-4(2)5(3)6/h4H,1-3H3	SYBYTAAJFKOIEJ-UHFFFAOYSA-N	86.1323	false	false	563-80-4, 3-METHYL-2-BUTANONE, 3-methyl 2-butanone, 3-methyl-2 butanone, 3-Methylbutan-2-one
MO2EOL	COCCO	InChI=1S/C3H8O2/c1-5-3-2-4/h4H,2-3H2,1H3	XNWFRZJHXBZDAG-UHFFFAOYSA-N	76.0944	false	false	2 -methoxyethanol, 2-METHOXYETHANOL, 109-86-4, Ethylene glycol monomethyl ether, ethylene glycol-monomethyl ether
MPAN	O=N(=O)OOC(=O)C(=C)C	InChI=1S/C4H5NO5/c1-3(2)4(6)9-10-5(7)8/h1H2,2H3	LLZWPQFQEBKRLX-UHFFFAOYSA-N	147.0862	false	false	Peroxide, 2-methyl-1-oxo-2-propenyl nitro, 88181-75-3, DTXSID10236878, Peroxy methacryloyl nitrate, methacryloyl peroxynitrate
MPRK	CCCC(=O)C	InChI=1S/C5H10O/c1-3-4-5(2)6/h3-4H2,1-2H3	XNLICIUVMPYHGG-UHFFFAOYSA-N	86.1323	false	false	107-87-9, 2-Pentanone, PENTAN-2-ONE, METHYL PROPYL KETONE, Ethyl acetone
MTBE	COC(C)(C)C	InChI=1S/C5H12O/c1-5(2,3)6-4/h1-4H3	BZLVMXJERCGZMT-UHFFFAOYSA-N	88.1482	false	false	1634-04-4, Tert butyl methyl ether, tert-Butyl methyl ether, tert-butyl-methyl ether, tert-butyl-methyl-ether
MTBK	CC(=O)C(C)(C)C	InChI=1S/C6H12O/c1-5(7)6(2,3)4/h1-4H3	PJGSXYOJTGTZAV-UHFFFAOYSA-N	100.1589	false	false	75-97-8, Pinacolone, 3,3-DIMETHYL-2-BUTANONE, 3,3-dimethylbutan-2-one, tert-Butyl methyl ketone
MXYL	Cc1cccc(C)c1	InChI=1S/C8H10/c1-7-4-3-5-8(2)6-7/h3-6H,1-2H3	IVSZLXZYQVIEFR-UHFFFAOYSA-N	106.165	false	false	M xylene, M-XYLENE, 108-38-3, 1,3-Dimethylbenzene, 1,3-Xylene
N2O5							
NA							
NBUTACET	CCCCOC(=O)C	InChI=1S/C6H12O2/c1-3-4-5-8-6(2)7/h3-5H2,1-2H3	DKPFZGUDAPQIHT-UHFFFAOYSA-N	116.1583	false	false	Butyl acetate, 123-86-4, N-BUTYL ACETATE, Acetic Acid Butyl Ester, ACETIC ACID,BUTYL ESTER
NBUTOL	CCCCO	InChI=1S/C4H10O/c1-2-3-4-5/h5H,2-4H2,1H3	LRHPLDYGYMQRHN-UHFFFAOYSA-N	74.1216	false	false	71-36-3, 1 -butanol, 1 Butanol, 1- butanol, 1-butanol
NC10H22	CCCCCCCCCC	InChI=1S/C10H22/c1-3-5-7-9-10-8-6-4-2/h3-10H2,1-2H3	DIOQZVSQGTUSAI-UHFFFAOYSA-N	142.2817	false	false	DECANE, D10, 124-18-5, n-Decane, NSC 8781
NC11H24	CCCCCCCCCCC	InChI=1S/C11H24/c1-3-5-7-9-11-10-8-6-4-2/h3-11H2,1-2H3	RSJKGSCJYJTIGS-UHFFFAOYSA-N	156.3083	false	false	Undecane, 1120-21-4, UND, N-UNDECANE, Hendecane
NC12H26	CCCCCCCCCCCC	InChI=1S/C12H26/c1-3-5-7-9-11-12-10-8-6-4-2/h3-12H2,1-2H3	SNRUBQQJIBEYMU-UHFFFAOYSA-N	170.3348	false	false	DODECANE, D12, 112-40-3, n-Dodecane, 93685-81-5
NC4H10	CCCC	InChI=1S/C4H10/c1-3-4-2/h3-4H2,1-2H3	IJDNQMDRQITEOD-UHFFFAOYSA-N	58.1222	false	false	BUTANE, Diethyl, 106-97-8, n-Butane, butan
NC5H12	CCCCC	InChI=1S/C5H12/c1-3-5-4-2/h3-5H2,1-2H3	OFBQJSOFQDEBGM-UHFFFAOYSA-N	72.1488	false	false	PENTANE, 109-66-0, n-Pentane, Pentan, 68476-43-7
NC6H14	CCCCCC	InChI=1S/C6H14/c1-3-5-6-4-2/h3-6H2,1-2H3	VLKZOEOYAKHREP-UHFFFAOYSA-N	86.1754	false	false	HEXANE, 110-54-3, Hexanes, n-Hexane, hexan
NC7H16	CCCCCCC	InChI=1S/C7H16/c1-3-5-7-6-4-2/h3-7H2,1-2H3	IMNFDUFMRHMDMM-UHFFFAOYSA-N	100.2019	false	false	HEPTANE, 142-82-5, n-Heptane, HP6, Heptan
NC8H18	CCCCCCCC	InChI=1S/C8H18/c1-3-5-7-8-6-4-2/h3-8H2,1-2H3	TVMXDCGIABBOFY-UHFFFAOYSA-N	114.2285	false	false	n-octane, octane, 111-65-9, Oktan, NSC 9822
NC9H20	CCCCCCCCC	InChI=1S/C9H20/c1-3-5-7-9-8-6-4-2/h3-9H2,1-2H3	BKIMMITUMNQMOS-UHFFFAOYSA-N	128.2551	false	false	NONANE, 111-84-2, DD9, n-Nonane, Shellsol 140
NEOP	CC(C)(C)C	InChI=1S/C5H12/c1-5(2,3)4/h1-4H3	CRSOQBOWXPBRES-UHFFFAOYSA-N	72.1488	false	false	463-82-1, NEOPENTANE, 2,2-Dimethylpropane, Propane, 2,2-dimethyl-, Tetramethylmethane
NO							
NO2							
NO3							
NOA	CC(=O)CON(=O)=O	InChI=1S/C3H5NO4/c1-3(5)2-8-4(6)7/h2H2,1H3	ISWXYJQANHQYSR-UHFFFAOYSA-N	119.0761	false	false	2-Propanone, 1-(nitrooxy)-, 6745-71-7, 2-oxopropyl nitrate, 2-Propanone, 1-hydroxy-, nitrate, 1-Hydroxy-2-propanone nitrate
NPROACET	CCCOC(=O)C	InChI=1S/C5H10O2/c1-3-4-7-5(2)6/h3-4H2,1-2H3	YKYONYBAUNKHLG-UHFFFAOYSA-N	102.1317	false	false	Propyl acetate, 109-60-4, N-PROPYL ACETATE, ACETIC ACID,PROPYL ESTER, Acetic acid, propyl ester
NPROPOL	CCCO	InChI=1S/C3H8O/c1-2-3-4/h4H,2-3H2,1H3	BDERNNFJNOPAEC-UHFFFAOYSA-N	60.095	false	false	71-23-8, propanol, 1 Propanol, 1-propanol, n-propanol
NRI12O2	*-O[O]				false	true	
NRI12OOH							
NRI15O2	*-O[O]				false	true	
NRI15OOH							
NRN12O2	*-O[O]				false	true	
NRN12OOH							
NRN15O2	*-O[O]				false	true	
NRN15OOH							
NRN18O2	*-O[O]				false	true	
NRN18OOH							
NRN6O2	*-O[O]				false	true	
NRN6OOH							
NRN9O2	*-O[O]				false	true	
NRN9OOH							
NRTN28O2	*-O[O]				false	true	
NRTN28OOH							
NRTX28O2	*-O[O]				false	true	
NRTX28OOH							
NRU12O2	*-O[O]				false	true	
NRU12OOH							
NRU14O2	*-O[O]				false	true	
NRU14OOH							
NRUA20O2	*-O[O]				false	true	
NRUA20OOH							
NUCARB12							
O							
O1D							
O3							
OETHTOL	CCc1ccccc1C	InChI=1S/C9H12/c1-3-9-7-5-4-6-8(9)2/h4-7H,3H2,1-2H3	HYFLWBNQFMXCPA-UHFFFAOYSA-N	120.1916	false	false	611-14-3, 1-Ethyl-2-methylbenzene, 2-Ethyltoluene, O-ETHYLTOLUENE, o-Methylethylbenzene
OH							
OXYL	Cc1ccccc1C	InChI=1S/C8H10/c1-7-5-3-4-6-8(7)2/h3-6H,1-2H3	CTQNGGLPUBDAKN-UHFFFAOYSA-N	106.165	false	false	Xylene, 95-47-6, O-XYLENE, 1,2-Dimethylbenzene, 1,2-Xylene
PAN	CC(=O)OON(=O)=O	InChI=1S/C2H3NO5/c1-2(4)7-8-3(5)6/h1H3	VGQXTTSVLMQFHM-UHFFFAOYSA-N	121.0489	false	false	Peroxyacetyl nitrate, 2278-22-0, Peroxide, acetyl nitro, BRN 1906650, CCRIS 5298
PBENZ	CCCc1ccccc1	InChI=1S/C9H12/c1-2-6-9-7-4-3-5-8-9/h3-5,7-8H,2,6H2,1H3	ODLMAHJVESYWTB-UHFFFAOYSA-N	120.1916	false	false	103-65-1, Propylbenzene, N-PROPYLBENZENE, 1-Phenylpropane, BENZENE,PROPYL
PECOH	CCC(O)CC	InChI=1S/C5H12O/c1-3-5(6)4-2/h5-6H,3-4H2,1-2H3	AQIXEPGDORPWBJ-UHFFFAOYSA-N	88.1482	false	false	3-PENTANOL, 584-02-1, Pentan-3-ol, Diethyl carbinol, 3-Pentyl alcohol
PENT1ENE	CCCC=C	InChI=1S/C5H10/c1-3-5-4-2/h3H,1,4-5H2,2H3	YWAKXRMUMFPDSH-UHFFFAOYSA-N	70.1329	false	false	109-67-1, 1-PENTENE, Pent-1-ene, PENTENE, 25377-72-4
PETHTOL	CCc1ccc(C)cc1	InChI=1S/C9H12/c1-3-9-6-4-8(2)5-7-9/h4-7H,3H2,1-2H3	JRLPEMVDPFPYPJ-UHFFFAOYSA-N	120.1916	false	false	622-96-8, 4-Ethyltoluene, 1-Ethyl-4-methylbenzene, P-ETHYLTOLUENE, Benzene, 1-ethyl-4-methyl-
PHAN	OCC(=O)OON(=O)=O	InChI=1S/C2H3NO6/c4-1-2(5)8-9-3(6)7/h4H,1H2	KMDWHTZYVJXWAH-UHFFFAOYSA-N	137.0483	false	false	107223-28-9, Ethanol, 2-(nitrodioxy)-2-oxo-, DTXSID50147959, glycolic acid nitrate
PPN	CCC(=O)OON(=O)=O	InChI=1S/C3H5NO5/c1-2-3(5)8-9-4(6)7/h2H2,1H3	TXINBPKSWKFMNB-UHFFFAOYSA-N	135.0755	false	false	5796-89-4, PEROXYPROPIONYL NITRATE, nitro propaneperoxoate, POPN, DTXSID90206675
PR2OHMOX	COCC(C)O	InChI=1S/C4H10O2/c1-4(5)3-6-2/h4-5H,3H2,1-2H3	ARXJGSRGQADJSQ-UHFFFAOYSA-N	90.121	false	false	107-98-2, 1-Methoxy-2-propanol, 1-Methoxypropan-2-ol, Propylene glycol monomethyl ether, 2-Propanol, 1-methoxy-
PROPACID	CCC(=O)O	InChI=1S/C3H6O2/c1-2-3(4)5/h2H2,1H3,(H,4,5)	XBDQKXXYIPTUBI-UHFFFAOYSA-N	74.0785	false	false	propionic acid, Propanoic acid, 79-09-4, Propionoic acid, Ethanecarboxylic acid
PROPGLY	OCC(C)O	InChI=1S/C3H8O2/c1-3(5)2-4/h3-5H,2H2,1H3	DNIAPMSPPWPWGF-UHFFFAOYSA-N	76.0944	false	false	(+-)-Propylene glycol, propylene glycol, propylene-glycol, 57-55-6, (+-)-1,2-Propanediol
PXYL	Cc1ccc(C)cc1	InChI=1S/C8H10/c1-7-3-5-8(2)6-4-7/h3-6H,1-2H3	URLKBWYHVLBVBO-UHFFFAOYSA-N	106.165	false	false	106-42-3, P-XYLENE, 1,4-Dimethylbenzene, 1,4-Xylene, PARA XYLENE
RA13NO3							
RA13O2	*-O[O]				false	true	
RA13OOH							
RA16BO2	*-O[O]				false	true	
RA16BOOH							
RA16NO3							
RA16O2	*-O[O]				false	true	
RA16OOH							
RA19AO2	*-O[O]				false	true	
RA19BO2	*-O[O]				false	true	
RA19CO2	*-O[O]				false	true	
RA19NO3							
RA19OOH							
RA22AO2	*-O[O]				false	true	
RA22BO2	*-O[O]				false	true	
RA22NO3							
RA22OOH							
RA25NO3							
RA25O2	*-O[O]				false	true	
RA25OOH							
RA28NO3							
RA28O2	*-O[O]				false	true	
RA28OOH							
RAROH14							
RAROH17							
RC14O2	*-O[O]				false	true	
RC16O2	*-O[O]				false	true	
RC18NO3							
RC18O2	*-O[O]				false	true	
RC18OOH							
RCOOH25							
RE12NO3							
RE12O2	*-O[O]				false	true	
RE15NO3							
RE15O2	*-O[O]				false	true	
RE18NO3							
RE18O2	*-O[O]				false	true	
RE6O2	*-O[O]				false	true	
RI11O2	*-O[O]				false	true	
RI11OOH							
RI12NO3							
RI12O2	*-O[O]				false	true	
RI12OOH							
RI13NO3							
RI13O2	*-O[O]				false	true	
RI13OOH							
RI14O2	*-O[O]				false	true	
RI14OOH							
RI15NO3							
RI15O2	*-O[O]				false	true	
RI15OOH							
RI16AO2	*-O[O]				false	true	
RI16NO3							
RI16O2	*-O[O]				false	true	
RI16OOH							
RI17O2	*-O[O]				false	true	
RI17OOH							
RI19O2	*-O[O]				false	true	
RN10NO3							
RN10O2	*-O[O]				false	true	
RN10OOH							
RN11O2	*-O[O]				false	true	
RN11OOH							
RN12NO3							
RN12O2	*-O[O]				false	true	
RN12OOH							
RN13AO2	*-O[O]				false	true	
RN13NO3							
RN13O2	*-O[O]				false	true	
RN13OOH							
RN14O2	*-O[O]				false	true	
RN14OOH							
RN15AO2	*-O[O]				false	true	
RN15NO3							
RN15O2	*-O[O]				false	true	
RN15OOH							
RN16AO2	*-O[O]				false	true	
RN16NO3							
RN16O2	*-O[O]				false	true	
RN16OOH							
RN17O2	*-O[O]				false	true	
RN17OOH							
RN18AO2	*-O[O]				false	true	
RN18NO3							
RN18O2	*-O[O]				false	true	
RN18OOH							
RN19AO2	*-O[O]				false	true	
RN19BO2	*-O[O]				false	true	
RN19NO3							
RN19O2	*-O[O]				false	true	
RN19OOH							
RN20O2	*-O[O]				false	true	
RN20OOH							
RN21AO2	*-O[O]				false	true	
RN21NO3							
RN21O2	*-O[O]				false	true	
RN21OOH							
RN22AO2	*-O[O]				false	true	
RN22NO3							
RN22O2	*-O[O]				false	true	
RN22OOH							
RN23O2	*-O[O]				false	true	
RN23OOH							
RN24AO2	*-O[O]				false	true	
RN24NO3							
RN24O2	*-O[O]				false	true	
RN24OOH							
RN25AO2	*-O[O]				false	true	
RN25NO3							
RN25O2	*-O[O]				false	true	
RN25OOH							
RN26O2	*-O[O]				false	true	
RN26OOH							
RN27AO2	*-O[O]				false	true	
RN27NO3							
RN27O2	*-O[O]				false	true	
RN27OOH							
RN28AO2	*-O[O]				false	true	
RN28NO3							
RN28O2	*-O[O]				false	true	
RN28OOH							
RN29O2	*-O[O]				false	true	
RN29OOH							
RN30AO2	*-O[O]				false	true	
RN30NO3							
RN30O2	*-O[O]				false	true	
RN30OOH							
RN31AO2	*-O[O]				false	true	
RN31NO3							
RN31O2	*-O[O]				false	true	
RN31OOH							
RN32O2	*-O[O]				false	true	
RN32OOH							
RN33AO2	*-O[O]				false	true	
RN33NO3							
RN33O2	*-O[O]				false	true	
RN33OOH							
RN34AO2	*-O[O]				false	true	
RN34NO3							
RN34O2	*-O[O]				false	true	
RN34OOH							
RN35O2	*-O[O]				false	true	
RN35OOH							
RN36AO2	*-O[O]				false	true	
RN36NO3							
RN36O2	*-O[O]				false	true	
RN36OOH							
RN37NO3							
RN37O2	*-O[O]				false	true	
RN37OOH							
RN8O2	*-O[O]				false	true	
RN8OOH							
RN9NO3							
RN9O2	*-O[O]				false	true	
RN9OOH							
RTN10O2	*-O[O]				false	true	
RTN10OOH							
RTN14O2	*-O[O]				false	true	
RTN14OOH							
RTN23O2	*-O[O]				false	true	
RTN23OOH							
RTN24O2	*-O[O]				false	true	
RTN24OOH							
RTN25NO3							
RTN25O2	*-O[O]				false	true	
RTN25OOH							
RTN26O2	*-O[O]				false	true	
RTN26OOH							
RTN26PAN							
RTN28NO3							
RTN28O2	*-O[O]				false	true	
RTN28OOH							
RTX22NO3							
RTX22O2	*-O[O]				false	true	
RTX22OOH							
RTX24NO3							
RTX24O2	*-O[O]				false	true	
RTX24OOH							
RTX28NO3							
RTX28O2	*-O[O]				false	true	
RTX28OOH							
RU10AO2	*-O[O]				false	true	
RU10NO3					false		
RU10O2	*-O[O]				false	true	
RU10OOH							
RU11NO3							
RU11O2	*-O[O]				false	true	
RU11OOH							
RU12NO3					false		
RU12O2	*-O[O]				false	true	
RU12OOH							
RU14NO3							
RU14O2	*-O[O]				false	true	
RU14OOH							
RUA20O2	*-O[O]				false	true	
RUA20OOH							
SA							
SBUTACET	CCC(C)OC(=O)C	InChI=1S/C6H12O2/c1-4-5(2)8-6(3)7/h5H,4H2,1-3H3	DCKVNWZUADLDEH-UHFFFAOYSA-N	116.1583	false	false	105-46-4, SEC-BUTYL ACETATE, dl-sec-Butyl acetate, Acetic acid, 1-methylpropyl ester, butan-2-yl acetate
SO2							
SO3							
STYRENE	C=Cc1ccccc1	InChI=1S/C8H8/c1-2-8-6-4-3-5-7-8/h2-7H,1H2	PPBRXRYQALVLMV-UHFFFAOYSA-N	104.1491	false	false	9003-53-6, 100-42-5, MFCD00084450, Ethenylbenzene, Vinylbenzene
TBUACET	CC(=O)OC(C)(C)C	InChI=1S/C6H12O2/c1-5(7)8-6(2,3)4/h1-4H3	WMOVHXAZOJBABW-UHFFFAOYSA-N	116.1583	false	false	540-88-5, TERT-BUTYL ACETATE, tert butyl acetate, tert.-Butyl acetate, Acetic acid, 1,1-dimethylethyl ester
TBUT2ENE	CC=CC	InChI=1S/C4H8/c1-3-4-2/h3-4H,1-2H3	IAQRGUVFOMOMEM-UHFFFAOYSA-N	56.1063	false	false	.beta.-Butene, .beta.-Butylene, AKOS032960957, DTXSID1026748, FT-0611627
TBUTOL	CC(C)(C)O	InChI=1S/C4H10O/c1-4(2,3)5/h5H,1-3H3	DKGAVHZHDRPRBM-UHFFFAOYSA-N	74.1216	false	false	tert -butanol, tert Butanol, tert-Butanol, tert. Butanol, tert.-butanol
THEX2ENE	CCC\C=C\C	InChI=1S/C6H12/c1-3-5-6-4-2/h3,5H,4,6H2,1-2H3/b5-3+	RYPKRALMXUUNKS-HWKANZROSA-N	84.1595	false	false	4050-45-7, trans-2-Hexene, 592-43-8, (E)-2-Hexene, (E)-hex-2-ene
TM123B	Cc1cccc(C)c1C	InChI=1S/C9H12/c1-7-5-4-6-8(2)9(7)3/h4-6H,1-3H3	FYGHSUNMUKGBRK-UHFFFAOYSA-N	120.1916	false	false	1,2,3-TRIMETHYLBENZENE, 526-73-8, Hemimellitene, Hemellitol, Trimethylbenzene
TM124B	Cc1ccc(C)c(C)c1	InChI=1S/C9H12/c1-7-4-5-8(2)9(3)6-7/h4-6H,1-3H3	GWHJZXXIDMPWGX-UHFFFAOYSA-N	120.1916	false	false	95-63-6, 1,2, 4-Trimethylbenzene, 1,2,4 trimethylbenzene, 1,2,4-TRIMETHYLBENZENE, Pseudocumene
TM135B	Cc1cc(C)cc(C)c1	InChI=1S/C9H12/c1-7-4-8(2)6-9(3)5-7/h4-6H,1-3H3	AUHZEENZYGFFBQ-UHFFFAOYSA-N	120.1916	false	false	108-67-8, MESITYLENE, 1,3, 5-Trimethylbenzene, 1,3,5-Trimethylbenzene, BENZENE,1,3,5-TRIMETHYL
TNCARB10							
TNCARB15							
TNCARB26							
TOLUENE	Cc1ccccc1	InChI=1S/C7H8/c1-7-5-3-2-4-6-7/h2-6H,1H3	YXFVVABEGXRONW-UHFFFAOYSA-N	92.1384	false	false	toluene, toluene-, 108-88-3, toluol, methylbenzene
TPENT2ENE	CC\C=C\C	InChI=1S/C5H10/c1-3-5-4-2/h3,5H,4H2,1-2H3/b5-3+	QMMOXUPEWRXHJS-HWKANZROSA-N	70.1329	false	false	trans-2-Pentene, 646-04-8, 109-68-2, 2-PENTENE, (E)-2-Pentene
TXCARB22							
TXCARB24							
UCARB10							
UCARB12							
UDCARB11							
UDCARB14							
UDCARB17							
UDCARB20							
UDCARB8							